Date,AMZN,MSFT
2015-01-02,308.519989,46.759998
2015-01-05,302.190002,46.330002
2015-01-06,295.290009,45.650002
2015-01-07,298.420013,46.23
2015-01-08,300.459991,47.59
2015-01-09,296.929993,47.189999
2015-01-12,291.410004,46.599998
2015-01-13,294.73999,46.360001
2015-01-14,293.269989,45.959999
2015-01-15,286.950012,45.48
2015-01-16,290.73999,46.240002
2015-01-20,289.440002,46.389999
2015-01-21,297.25,45.919998
2015-01-22,310.320007,47.130001
2015-01-23,312.390015,47.18
2015-01-26,309.660004,47.009998
2015-01-27,306.75,42.66
2015-01-28,303.910004,41.189999
2015-01-29,311.779999,42.009998
2015-01-30,354.529999,40.400002
2015-02-02,364.470001,41.279999
2015-02-03,363.549988,41.599998
2015-02-04,364.75,41.84
2015-02-05,373.890015,42.450001
2015-02-06,374.279999,42.41
2015-02-09,370.559998,42.360001
2015-02-10,373.0,42.599998
2015-02-11,375.140015,42.380001
2015-02-12,377.170013,43.09
2015-02-13,381.829987,43.869999
2015-02-17,375.429993,43.580002
2015-02-18,373.369995,43.529999
2015-02-19,379.0,43.5
2015-02-20,383.660004,43.860001
2015-02-23,380.140015,44.150002
2015-02-24,378.589996,44.09
2015-02-25,385.369995,43.990002
2015-02-26,384.799988,44.060001
2015-02-27,380.160004,43.849998
2015-03-02,385.660004,43.880001
2015-03-03,384.609985,43.279999
2015-03-04,382.720001,43.060001
2015-03-05,387.829987,43.110001
2015-03-06,380.089996,42.360001
2015-03-09,378.559998,42.849998
2015-03-10,369.51001,42.029999
2015-03-11,366.369995,41.98
2015-03-12,374.23999,41.02
2015-03-13,370.579987,41.380001
2015-03-16,373.350006,41.560001
2015-03-17,371.920013,41.700001
2015-03-18,375.140015,42.5
2015-03-19,373.23999,42.290001
2015-03-20,378.48999,42.880001
2015-03-23,375.109985,42.860001
2015-03-24,374.089996,42.900002
2015-03-25,370.959991,41.459999
2015-03-26,367.350006,41.209999
2015-03-27,370.559998,40.970001
2015-03-30,374.589996,40.959999
2015-03-31,372.100006,40.66
2015-04-01,370.26001,40.720001
2015-04-02,372.25,40.290001
2015-04-06,377.040009,41.549999
2015-04-07,374.410004,41.529999
2015-04-08,381.200012,41.419998
2015-04-09,383.540009,41.48
2015-04-10,382.649994,41.720001
2015-04-13,382.359985,41.759998
2015-04-14,385.109985,41.650002
2015-04-15,383.450012,42.259998
2015-04-16,386.040009,42.16
2015-04-17,375.559998,41.619999
2015-04-20,389.51001,42.91
2015-04-21,391.179993,42.639999
2015-04-22,389.799988,42.990002
2015-04-23,389.98999,43.34
2015-04-24,445.100006,47.869999
2015-04-27,438.559998,48.029999
2015-04-28,429.309998,49.16
2015-04-29,429.369995,49.060001
2015-04-30,421.779999,48.639999
2015-05-01,422.869995,48.66
2015-05-04,423.040009,48.240002
2015-05-05,421.190002,47.599998
2015-05-06,419.100006,46.279999
2015-05-07,426.880005,46.700001
2015-05-08,433.690002,47.75
2015-05-11,432.850006,47.369999
2015-05-12,431.019989,47.349998
2015-05-13,426.869995,47.630001
2015-05-14,432.279999,48.720001
2015-05-15,426.0,48.299999
2015-05-18,425.23999,48.009998
2015-05-19,421.709991,47.580002
2015-05-20,423.859985,47.580002
2015-05-21,431.630005,47.419998
2015-05-22,427.630005,46.900002
2015-05-26,425.470001,46.59
2015-05-27,431.420013,47.610001
2015-05-28,426.570007,47.450001
2015-05-29,429.230011,46.860001
2015-06-01,430.920013,47.23
2015-06-02,430.98999,46.919998
2015-06-03,436.589996,46.849998
2015-06-04,430.779999,46.360001
2015-06-05,426.950012,46.139999
2015-06-08,423.5,45.73
2015-06-09,425.480011,45.650002
2015-06-10,430.769989,46.610001
2015-06-11,432.970001,46.439999
2015-06-12,429.920013,45.970001
2015-06-15,423.670013,45.48
2015-06-16,427.26001,45.830002
2015-06-17,427.809998,45.970001
2015-06-18,439.390015,46.720001
2015-06-19,434.920013,46.099998
2015-06-22,436.290009,46.23
2015-06-23,445.98999,45.91
2015-06-24,440.839996,45.639999
2015-06-25,440.100006,45.650002
2015-06-26,438.100006,45.259998
2015-06-29,429.859985,44.369999
2015-06-30,434.089996,44.150002
2015-07-01,437.390015,44.450001
2015-07-02,437.709991,44.400002
2015-07-06,436.040009,44.389999
2015-07-07,436.720001,44.299999
2015-07-08,429.700012,44.240002
2015-07-09,434.390015,44.52
2015-07-10,443.51001,44.610001
2015-07-13,455.570007,45.540001
2015-07-14,465.570007,45.619999
2015-07-15,461.190002,45.759998
2015-07-16,475.480011,46.66
2015-07-17,483.01001,46.619999
2015-07-20,488.100006,46.919998
2015-07-21,488.0,47.279999
2015-07-22,488.269989,45.540001
2015-07-23,482.179993,46.110001
2015-07-24,529.419983,45.939999
2015-07-27,531.409973,45.349998
2015-07-28,526.030029,45.34
2015-07-29,529.0,46.290001
2015-07-30,536.76001,46.880001
2015-07-31,536.150024,46.700001
2015-08-03,535.030029,46.810001
2015-08-04,531.900024,47.540001
2015-08-05,537.01001,47.580002
2015-08-06,529.460022,46.619999
2015-08-07,522.619995,46.740002
2015-08-10,524.0,47.330002
2015-08-11,527.460022,46.41
2015-08-12,525.909973,46.740002
2015-08-13,529.659973,46.73
2015-08-14,531.52002,47.0
2015-08-17,535.219971,47.32
2015-08-18,535.02002,47.27
2015-08-19,532.919983,46.610001
2015-08-20,515.780029,45.66
2015-08-21,494.470001,43.07
2015-08-24,463.369995,41.68
2015-08-25,466.369995,40.470001
2015-08-26,500.769989,42.709999
2015-08-27,518.369995,43.900002
2015-08-28,518.01001,43.93
2015-08-31,512.890015,43.52
2015-09-01,496.540009,41.82
2015-09-02,510.549988,43.360001
2015-09-03,504.720001,43.5
2015-09-04,499.0,42.610001
2015-09-08,517.539978,43.889999
2015-09-09,516.890015,43.07
2015-09-10,522.23999,43.290001
2015-09-11,529.440002,43.48
2015-09-14,521.380005,43.040001
2015-09-15,522.369995,43.98
2015-09-16,527.390015,44.299999
2015-09-17,538.869995,44.25
2015-09-18,540.26001,43.48
2015-09-21,548.390015,44.110001
2015-09-22,538.400024,43.900002
2015-09-23,536.070007,43.869999
2015-09-24,533.75,43.91
2015-09-25,524.25,43.939999
2015-09-28,504.059998,43.290001
2015-09-29,496.070007,43.439999
2015-09-30,511.890015,44.259998
2015-10-01,520.719971,44.610001
2015-10-02,532.539978,45.57
2015-10-05,543.679993,46.630001
2015-10-06,537.47998,46.75
2015-10-07,541.940002,46.799999
2015-10-08,533.159973,47.450001
2015-10-09,539.799988,47.110001
2015-10-12,550.190002,47.0
2015-10-13,548.900024,46.889999
2015-10-14,544.830017,46.68
2015-10-15,562.440002,47.009998
2015-10-16,570.76001,47.509998
2015-10-19,573.150024,47.619999
2015-10-20,560.880005,47.77
2015-10-21,555.77002,47.200001
2015-10-22,563.909973,48.029999
2015-10-23,599.030029,52.869999
2015-10-26,608.609985,54.25
2015-10-27,611.01001,53.689999
2015-10-28,617.099976,53.98
2015-10-29,626.549988,53.360001
2015-10-30,625.900024,52.639999
2015-11-02,628.349976,53.240002
2015-11-03,625.309998,54.150002
2015-11-04,640.950012,54.400002
2015-11-05,655.650024,54.380001
2015-11-06,659.369995,54.919998
2015-11-09,655.48999,54.16
2015-11-10,659.679993,53.509998
2015-11-11,673.25,53.650002
2015-11-12,665.599976,53.32
2015-11-13,642.349976,52.84
2015-11-16,647.809998,53.77
2015-11-17,643.299988,52.970001
2015-11-18,663.539978,53.849998
2015-11-19,661.27002,53.939999
2015-11-20,668.450012,54.189999
2015-11-23,678.98999,54.189999
2015-11-24,671.150024,54.25
2015-11-25,675.340027,53.689999
2015-11-27,673.26001,53.93
2015-11-30,664.799988,54.349998
2015-12-01,679.059998,55.220001
2015-12-02,676.01001,55.209999
2015-12-03,666.25,54.200001
2015-12-04,672.640015,55.91
2015-12-07,669.830017,55.810001
2015-12-08,677.330017,55.790001
2015-12-09,664.789978,54.98
2015-12-10,662.320007,55.27
2015-12-11,640.150024,54.060001
2015-12-14,657.909973,55.139999
2015-12-15,658.640015,55.200001
2015-12-16,675.77002,56.130001
2015-12-17,670.650024,55.700001
2015-12-18,664.140015,54.130001
2015-12-21,664.51001,54.830002
2015-12-22,663.150024,55.349998
2015-12-23,663.700012,55.82
2015-12-24,662.789978,55.669998
2015-12-28,675.200012,55.950001
2015-12-29,693.969971,56.549999
2015-12-30,689.070007,56.310001
2015-12-31,675.890015,55.48
2016-01-04,636.98999,54.799999
2016-01-05,633.789978,55.049999
2016-01-06,632.650024,54.049999
2016-01-07,607.940002,52.169998
2016-01-08,607.049988,52.330002
2016-01-11,617.73999,52.299999
2016-01-12,617.890015,52.779999
2016-01-13,581.809998,51.639999
2016-01-14,593.0,53.110001
2016-01-15,570.179993,50.990002
2016-01-19,574.47998,50.560001
2016-01-20,571.77002,50.790001
2016-01-21,575.02002,50.48
2016-01-22,596.380005,52.290001
2016-01-25,596.530029,51.790001
2016-01-26,601.25,52.169998
2016-01-27,583.349976,51.220001
2016-01-28,635.349976,52.060001
2016-01-29,587.0,55.09
2016-02-01,574.809998,54.709999
2016-02-02,552.099976,53.0
2016-02-03,531.070007,52.16
2016-02-04,536.26001,52.0
2016-02-05,502.130005,50.16
2016-02-08,488.100006,49.41
2016-02-09,482.070007,49.279999
2016-02-10,490.480011,49.709999
2016-02-11,503.820007,49.689999
2016-02-12,507.079987,50.5
2016-02-16,521.099976,51.09
2016-02-17,534.099976,52.419998
2016-02-18,525.0,52.189999
2016-02-19,534.900024,51.82
2016-02-22,559.5,52.650002
2016-02-23,552.940002,51.18
2016-02-24,554.039978,51.360001
2016-02-25,555.150024,52.099998
2016-02-26,555.22998,51.299999
2016-02-29,552.52002,50.880001
2016-03-01,579.039978,52.580002
2016-03-02,580.210022,52.950001
2016-03-03,577.48999,52.349998
2016-03-04,575.140015,52.029999
2016-03-07,562.799988,51.029999
2016-03-08,560.26001,51.650002
2016-03-09,559.469971,52.84
2016-03-10,558.929993,52.049999
2016-03-11,569.609985,53.07
2016-03-14,573.369995,53.169998
2016-03-15,577.02002,53.59
2016-03-16,574.27002,54.349998
2016-03-17,559.440002,54.66
2016-03-18,552.080017,53.490002
2016-03-21,553.97998,53.860001
2016-03-22,560.47998,54.07
2016-03-23,569.630005,53.970001
2016-03-24,582.950012,54.209999
2016-03-28,579.869995,53.540001
2016-03-29,593.859985,54.709999
2016-03-30,598.690002,55.049999
2016-03-31,593.640015,55.23
